ts_code,trade_date,open,high,low,close,pre_close,change,pct_chg,vol,amount,name,code
688981.SH,20260626,153.7,156.22,146.5,148.76,156.86,-8.1,-5.1638,1076155.43,16171921.139,中芯国际,688981.SH
688981.SH,20260625,152.0,158.66,151.0,156.86,151.53,5.33,3.5175,1186102.37,18470621.628,中芯国际,688981.SH
688981.SH,20260624,141.5,156.35,141.32,151.53,141.7,9.83,6.9372,1411623.83,21160854.009,中芯国际,688981.SH
688981.SH,20260623,143.58,148.3,139.6,141.7,145.59,-3.89,-2.6719,918201.09,13211881.994,中芯国际,688981.SH
688981.SH,20260622,140.78,148.0,140.0,145.59,140.7,4.89,3.4755,1060960.58,15251149.626,中芯国际,688981.SH
688981.SH,20260618,136.11,144.63,132.88,140.7,134.7,6.0,4.4543,1244937.14,17289251.566,中芯国际,688981.SH
688981.SH,20260617,127.91,134.88,126.68,134.7,130.14,4.56,3.5039,963562.12,12699097.858,中芯国际,688981.SH
688981.SH,20260616,131.0,134.34,127.93,130.14,130.52,-0.38,-0.2911,745583.01,9738547.521,中芯国际,688981.SH
688981.SH,20260615,128.59,131.0,124.89,130.52,124.88,5.64,4.5163,728604.09,9404695.623,中芯国际,688981.SH
688981.SH,20260612,131.64,134.87,124.37,124.88,127.4,-2.52,-1.978,817437.29,10575818.607,中芯国际,688981.SH
688981.SH,20260611,124.0,129.08,123.01,127.4,125.34,2.06,1.6435,626275.99,7935636.355,中芯国际,688981.SH
688981.SH,20260610,125.0,131.18,124.5,125.34,127.3,-1.96,-1.5397,669094.14,8511488.618,中芯国际,688981.SH
688981.SH,20260609,123.5,128.03,120.89,127.3,121.92,5.38,4.4127,769662.77,9607775.526,中芯国际,688981.SH
688981.SH,20260608,120.0,124.28,120.0,121.92,127.4,-5.48,-4.3014,781225.59,9545783.582,中芯国际,688981.SH
688981.SH,20260605,131.0,134.75,126.7,127.4,134.88,-7.48,-5.5457,934574.33,12150117.807,中芯国际,688981.SH
688981.SH,20260604,131.0,137.57,130.0,134.88,134.0,0.88,0.6567,778526.88,10493292.686,中芯国际,688981.SH
688981.SH,20260603,132.0,138.75,131.85,134.0,132.48,1.52,1.1473,992127.45,13487781.965,中芯国际,688981.SH
688981.SH,20260602,132.98,135.5,129.3,132.48,132.44,0.04,0.0302,923688.2,12256037.221,中芯国际,688981.SH
688981.SH,20260601,139.76,140.8,132.04,132.44,139.91,-7.47,-5.3391,1008849.14,13645017.172,中芯国际,688981.SH
688981.SH,20260529,150.92,152.38,138.49,139.91,153.7,-13.79,-8.972,1536812.64,22138462.395,中芯国际,688981.SH
688981.SH,20260528,146.0,159.05,146.0,153.7,146.22,7.48,5.1156,1608231.75,24822318.598,中芯国际,688981.SH
688981.SH,20260527,150.0,153.52,145.0,146.22,149.18,-2.96,-1.9842,1234983.75,18473692.356,中芯国际,688981.SH
688981.SH,20260526,150.73,154.44,145.5,149.18,156.0,-6.82,-4.3718,1799242.41,26787296.677,中芯国际,688981.SH
688981.SH,20260525,136.0,157.6,136.0,156.0,131.33,24.67,18.7847,2521802.26,37253708.024,中芯国际,688981.SH
688981.SH,20260522,129.33,132.18,126.5,131.33,127.22,4.11,3.2306,1199477.88,15516843.653,中芯国际,688981.SH
688981.SH,20260521,134.0,137.63,127.1,127.22,133.81,-6.59,-4.9249,1546776.71,20601829.525,中芯国际,688981.SH
688981.SH,20260520,118.0,136.63,117.5,133.81,118.82,14.99,12.6157,2248800.56,28996720.135,中芯国际,688981.SH
688981.SH,20260519,116.16,118.88,112.68,118.82,117.62,1.2,1.0202,840269.78,9713877.346,中芯国际,688981.SH
688981.SH,20260518,117.4,120.34,115.6,117.62,119.02,-1.4,-1.1763,748969.19,8855418.364,中芯国际,688981.SH
688981.SH,20260515,121.0,125.0,118.48,119.02,117.9,1.12,0.95,1328100.54,16152497.227,中芯国际,688981.SH
688981.SH,20260514,121.92,124.04,117.0,117.9,121.86,-3.96,-3.2496,790650.15,9451219.953,中芯国际,688981.SH
688981.SH,20260513,119.0,122.5,116.04,121.86,121.98,-0.12,-0.0984,954951.48,11374279.337,中芯国际,688981.SH
688981.SH,20260512,124.44,125.44,120.0,121.98,122.52,-0.54,-0.4407,817732.34,10018643.228,中芯国际,688981.SH
688981.SH,20260511,122.99,124.57,121.9,122.52,120.31,2.21,1.8369,814859.72,10017304.327,中芯国际,688981.SH
688981.SH,20260508,122.9,123.19,120.05,120.31,125.34,-5.03,-4.0131,708618.1,8595731.864,中芯国际,688981.SH
688981.SH,20260507,125.11,127.48,122.22,125.34,123.1,2.24,1.8197,842774.03,10482928.52,中芯国际,688981.SH
688981.SH,20260506,122.0,128.12,121.74,123.1,118.73,4.37,3.6806,1292940.51,16176667.799,中芯国际,688981.SH
688347.SH,20260626,320.0,337.96,310.8,323.0,330.36,-7.36,-2.2279,222701.63,7197583.824,华虹半导体,688347.SH
688347.SH,20260625,315.0,336.0,308.2,330.36,316.01,14.35,4.541,248068.31,8076831.854,华虹半导体,688347.SH
688347.SH,20260624,285.5,326.76,284.0,316.01,292.08,23.93,8.193,284594.52,8803641.181,华虹半导体,688347.SH
688347.SH,20260623,278.0,302.0,272.4,292.08,280.0,12.08,4.3143,252818.74,7322917.425,华虹半导体,688347.SH
688347.SH,20260622,280.02,285.97,264.53,280.0,277.81,2.19,0.7883,256793.81,7087314.404,华虹半导体,688347.SH
688347.SH,20260618,258.0,293.1,255.0,277.81,260.7,17.11,6.5631,264870.89,7255897.707,华虹半导体,688347.SH
688347.SH,20260617,232.0,261.2,229.7,260.7,238.5,22.2,9.3082,281703.16,6999109.433,华虹半导体,688347.SH
688347.SH,20260616,238.28,244.22,232.6,238.5,238.28,0.22,0.0923,220470.25,5271254.077,华虹半导体,688347.SH
688347.SH,20260615,220.0,243.31,215.5,238.28,218.37,19.91,9.1176,277266.89,6438826.686,华虹半导体,688347.SH
688347.SH,20260612,235.35,238.88,218.18,218.37,221.35,-2.98,-1.3463,350610.96,7914971.959,华虹半导体,688347.SH
688347.SH,20260611,223.13,228.5,213.0,221.35,221.81,-0.46,-0.2074,213936.72,4715220.753,华虹半导体,688347.SH
688347.SH,20260610,226.03,238.5,220.0,221.81,227.4,-5.59,-2.4582,240876.62,5488311.886,华虹半导体,688347.SH
688347.SH,20260609,220.11,231.38,210.74,227.4,213.8,13.6,6.3611,267099.49,5897664.177,华虹半导体,688347.SH
688347.SH,20260608,207.66,222.5,207.66,213.8,227.0,-13.2,-5.815,237448.52,5157070.554,华虹半导体,688347.SH
688347.SH,20260605,234.01,247.5,224.0,227.0,244.0,-17.0,-6.9672,312402.08,7313810.249,华虹半导体,688347.SH
688347.SH,20260604,227.36,253.3,225.1,244.0,233.24,10.76,4.6133,286958.71,6962694.096,华虹半导体,688347.SH
688347.SH,20260603,226.3,246.33,221.58,233.24,226.5,6.74,2.9757,310970.87,7338481.576,华虹半导体,688347.SH
688347.SH,20260602,225.0,234.37,220.0,226.5,222.9,3.6,1.6151,290078.51,6569373.164,华虹半导体,688347.SH
688347.SH,20260601,241.41,245.88,217.97,222.9,236.68,-13.78,-5.8222,414450.57,9455904.418,华虹半导体,688347.SH
688347.SH,20260529,250.36,252.83,232.3,236.68,249.65,-12.97,-5.1953,392213.26,9467822.392,华虹半导体,688347.SH
688347.SH,20260528,217.7,258.0,217.7,249.65,215.61,34.04,15.7878,436240.61,10546802.605,华虹半导体,688347.SH
688347.SH,20260527,217.98,230.5,214.57,215.61,222.42,-6.81,-3.0618,406616.17,8992329.509,华虹半导体,688347.SH
688347.SH,20260526,214.8,228.88,209.99,222.42,214.8,7.62,3.5475,525254.14,11400361.219,华虹半导体,688347.SH
688347.SH,20260525,183.0,214.8,179.0,214.8,179.0,35.8,20.0,501921.91,9976682.127,华虹半导体,688347.SH
688347.SH,20260522,169.0,182.54,163.66,179.0,169.0,10.0,5.9172,398938.24,6931875.446,华虹半导体,688347.SH
688347.SH,20260521,177.72,185.0,166.96,169.0,177.8,-8.8,-4.9494,431729.22,7604886.909,华虹半导体,688347.SH
688347.SH,20260520,148.2,178.8,147.5,177.8,149.74,28.06,18.7391,544144.06,9023039.898,华虹半导体,688347.SH
688347.SH,20260519,146.5,150.5,140.0,149.74,147.8,1.94,1.3126,265914.39,3851630.743,华虹半导体,688347.SH
688347.SH,20260518,148.91,154.17,146.18,147.8,150.09,-2.29,-1.5258,248058.45,3709960.224,华虹半导体,688347.SH
688347.SH,20260515,162.0,168.66,147.71,150.09,157.86,-7.77,-4.9221,431421.2,6663024.535,华虹半导体,688347.SH
688347.SH,20260514,163.27,164.0,154.5,157.86,160.62,-2.76,-1.7183,200539.6,3186987.129,华虹半导体,688347.SH
688347.SH,20260513,158.1,161.31,153.8,160.62,160.66,-0.04,-0.0249,222079.55,3507223.473,华虹半导体,688347.SH
688347.SH,20260512,163.76,165.59,158.0,160.66,164.41,-3.75,-2.2809,237340.26,3818844.693,华虹半导体,688347.SH
688347.SH,20260511,165.0,169.18,162.2,164.41,158.96,5.45,3.4285,275011.66,4543361.673,华虹半导体,688347.SH
688347.SH,20260508,160.46,162.0,153.87,158.96,165.92,-6.96,-4.1948,314120.42,4959821.976,华虹半导体,688347.SH
688347.SH,20260507,154.7,169.98,149.88,165.92,152.0,13.92,9.1579,348686.03,5574408.187,华虹半导体,688347.SH
688347.SH,20260506,145.01,158.65,145.0,152.0,141.0,11.0,7.8014,381166.47,5792069.74,华虹半导体,688347.SH
002371.SZ,20260626,795.0,828.0,782.17,813.37,798.0,15.37,1.9261,124030.65,10009100.5726,北方华创,002371.SZ
002371.SZ,20260625,778.0,810.0,775.0,798.0,770.07,27.93,3.6269,118839.96,9454404.9072,北方华创,002371.SZ
002371.SZ,20260624,727.07,774.5,727.0,770.07,747.49,22.58,3.0208,131087.82,9923151.13144,北方华创,002371.SZ
002371.SZ,20260623,748.72,762.0,721.0,747.49,745.0,2.49,0.3342,99685.69,7407390.87071,北方华创,002371.SZ
002371.SZ,20260622,739.98,758.0,723.47,745.0,721.04,23.96,3.323,107526.6,7964031.58049,北方华创,002371.SZ
002371.SZ,20260618,704.98,733.88,703.7,721.04,704.22,16.82,2.3885,104611.44,7528527.76234,北方华创,002371.SZ
002371.SZ,20260617,660.39,705.0,657.0,704.22,672.19,32.03,4.765,113479.4,7737166.59357,北方华创,002371.SZ
002371.SZ,20260616,680.0,681.9,660.36,672.19,682.22,-10.03,-1.4702,86768.4,5816489.19976,北方华创,002371.SZ
002371.SZ,20260615,669.8,687.66,640.0,682.22,667.19,15.03,2.2527,125640.25,8419209.35838,北方华创,002371.SZ
002371.SZ,20260612,666.19,680.99,655.18,667.19,637.5,29.69,4.6573,153480.01,10273824.8167,北方华创,002371.SZ
002371.SZ,20260611,624.85,648.0,620.0,637.5,619.2,18.3,2.9554,113666.81,7233711.95338,北方华创,002371.SZ
002371.SZ,20260610,615.0,641.01,610.0,619.2,617.1,2.1,0.3403,106912.87,6682089.13688,北方华创,002371.SZ
002371.SZ,20260609,601.02,619.8,594.59,617.1,585.74,31.36,5.3539,102005.7,6210398.73226,北方华创,002371.SZ
002371.SZ,20260608,570.04,598.8,568.22,585.74,603.36,-17.62,-2.9203,97859.02,5746335.589,北方华创,002371.SZ
002371.SZ,20260605,615.0,619.59,600.0,603.36,627.0,-23.64,-3.7703,80843.36,4927541.316,北方华创,002371.SZ
002371.SZ,20260604,610.14,637.85,606.0,627.0,614.84,12.16,1.9778,120620.3,7582080.352,北方华创,002371.SZ
002371.SZ,20260603,602.81,633.66,594.0,614.84,602.8,12.04,1.9973,144161.28,8857781.075,北方华创,002371.SZ
002371.SZ,20260602,586.1,615.79,584.19,602.8,589.89,12.91,2.1885,126306.18,7607842.357,北方华创,002371.SZ
002371.SZ,20260601,624.99,629.8,588.92,589.89,629.87,-39.98,-6.3473,151000.0,9081578.562,北方华创,002371.SZ
002371.SZ,20260529,656.12,659.0,623.78,629.87,659.0,-29.13,-4.4203,147460.88,9395846.45,北方华创,002371.SZ
002371.SZ,20260528,650.0,668.67,646.88,659.0,654.77,4.23,0.646,112599.61,7404040.632,北方华创,002371.SZ
002371.SZ,20260527,675.0,692.0,650.6,654.77,670.25,-15.48,-2.3096,138670.15,9316824.887,北方华创,002371.SZ
002371.SZ,20260526,690.0,701.0,656.66,670.25,698.19,-27.94,-4.0018,148547.83,9987761.068,北方华创,002371.SZ
002371.SZ,20260525,650.13,719.05,626.11,698.19,669.0,29.19,4.3632,204121.85,13734699.753,北方华创,002371.SZ
002371.SZ,20260522,663.03,673.0,637.0,669.0,662.99,6.01,0.9065,198562.64,12983362.651,北方华创,002371.SZ
002371.SZ,20260521,656.8,721.6,656.7,662.99,656.0,6.99,1.0655,231618.69,15989585.023,北方华创,002371.SZ
002371.SZ,20260520,618.0,660.0,614.0,656.0,619.7,36.3,5.8577,164059.48,10520821.53,北方华创,002371.SZ
002371.SZ,20260519,590.0,627.17,581.5,619.7,597.97,21.73,3.634,144594.6,8822267.528,北方华创,002371.SZ
002371.SZ,20260518,601.0,623.27,592.76,597.97,592.0,5.97,1.0084,175235.1,10601040.073,北方华创,002371.SZ
002371.SZ,20260515,569.8,620.84,555.0,592.0,564.4,27.6,4.8901,232994.94,13839689.388,北方华创,002371.SZ
002371.SZ,20260514,581.0,592.66,563.43,564.4,581.0,-16.6,-2.8571,102707.03,5897833.137,北方华创,002371.SZ
002371.SZ,20260513,570.99,588.0,550.5,581.0,581.45,-0.45,-0.0774,138387.68,7878763.219,北方华创,002371.SZ
002371.SZ,20260512,573.19,584.0,564.0,581.45,573.19,8.26,1.4411,112135.95,6433742.98,北方华创,002371.SZ
002371.SZ,20260511,549.98,585.0,548.0,573.19,540.79,32.4,5.9912,144629.65,8226442.87,北方华创,002371.SZ
002371.SZ,20260508,543.0,554.8,537.2,540.79,552.14,-11.35,-2.0556,82457.28,4475463.104,北方华创,002371.SZ
002371.SZ,20260507,555.0,556.71,535.0,552.14,545.35,6.79,1.2451,97221.65,5339398.131,北方华创,002371.SZ
002371.SZ,20260506,555.0,567.0,545.0,545.35,536.99,8.36,1.5568,160277.71,8898490.131,北方华创,002371.SZ
688012.SH,20260626,397.0,423.8,393.24,413.0,399.13,13.87,3.4751,319523.25,13152855.738,中微公司,688012.SH
688012.SH,20260625,388.01,412.5,388.01,399.13,383.0,16.13,4.2115,296757.2,11902653.381,中微公司,688012.SH
688012.SH,20260624,362.5,395.0,359.3,383.0,371.72,11.28,3.0345,311931.96,11825953.84,中微公司,688012.SH
688012.SH,20260623,372.74,388.5,364.5,371.72,372.74,-1.02,-0.2736,331535.61,12416821.676,中微公司,688012.SH
688012.SH,20260622,371.99,385.0,358.0,372.74,360.0,12.74,3.5389,283319.26,10550819.523,中微公司,688012.SH
688012.SH,20260618,350.0,368.0,345.0,360.0,351.0,9.0,2.5641,261447.97,9363424.812,中微公司,688012.SH
688012.SH,20260617,314.0,351.88,312.17,351.0,319.0,32.0,10.0313,313378.7,10444151.404,中微公司,688012.SH
688012.SH,20260616,319.98,323.7,313.39,319.0,319.98,-0.98,-0.3063,205014.54,6513324.291,中微公司,688012.SH
688012.SH,20260615,309.99,319.98,299.17,319.98,303.92,16.06,5.2843,258421.73,8097859.456,中微公司,688012.SH
688012.SH,20260612,318.27,324.9,303.9,303.92,303.12,0.8,0.2639,398066.94,12488246.432,中微公司,688012.SH
688012.SH,20260611,299.99,303.86,292.0,303.12,289.11,14.01,4.8459,275032.46,8222524.303,中微公司,688012.SH
688012.SH,20260610,282.89,306.0,282.0,289.11,285.04,4.07,1.4279,296079.41,8704926.683,中微公司,688012.SH
688012.SH,20260609,272.09,286.0,270.6,285.04,265.47,19.57,7.3718,212812.69,5947599.575,中微公司,688012.SH
688012.SH,20260608,265.2,272.88,261.6,265.47,276.0,-10.53,-3.8152,211047.33,5648274.843,中微公司,688012.SH
688012.SH,20260605,281.74,287.65,274.54,276.0,289.39,-13.39,-4.627,219733.17,6168092.56,中微公司,688012.SH
688012.SH,20260604,280.99,295.88,280.88,289.39,285.92,3.47,1.2136,225784.4,6534358.208,中微公司,688012.SH
688012.SH,20260603,281.99,296.74,278.8,285.92,282.8,3.12,1.1033,332413.8,9575819.076,中微公司,688012.SH
688012.SH,20260602,278.46,286.32,268.44,282.8,273.0,9.8,3.5897,269236.12,7511327.699,中微公司,688012.SH
688012.SH,20260601,290.0,291.73,271.5,273.0,297.68,-24.68,-8.2908,325731.67,9101783.531,中微公司,688012.SH
688012.SH,20260529,305.99,306.58,287.0,297.68,303.87,-6.19,-2.0371,301355.2,8935163.692,中微公司,688012.SH
688012.SH,20260528,453.9,458.88,441.03,453.12,455.05,-1.93,-0.4241,209929.26,9439901.305,中微公司,688012.SH
688012.SH,20260527,463.95,486.7,453.48,455.05,463.51,-8.46,-1.8252,229387.72,10815858.057,中微公司,688012.SH
688012.SH,20260526,475.6,480.0,452.15,463.51,485.3,-21.79,-4.49,246820.54,11412617.792,中微公司,688012.SH
688012.SH,20260525,453.36,491.98,438.0,485.3,469.6,15.7,3.3433,363979.18,16943297.521,中微公司,688012.SH
688012.SH,20260522,480.0,483.33,452.0,469.6,475.8,-6.2,-1.3031,297067.96,13801279.61,中微公司,688012.SH
688012.SH,20260521,490.62,533.33,473.0,475.8,490.33,-14.53,-2.9633,365298.6,18242120.113,中微公司,688012.SH
688012.SH,20260520,475.0,498.0,470.0,490.33,479.51,10.82,2.2565,293147.5,14171009.598,中微公司,688012.SH
688012.SH,20260519,432.17,480.0,428.1,479.51,438.75,40.76,9.29,300379.68,13794444.725,中微公司,688012.SH
688012.SH,20260518,441.0,461.88,435.01,438.75,432.9,5.85,1.3514,279792.39,12525856.432,中微公司,688012.SH
688012.SH,20260515,393.36,464.0,369.98,432.9,387.17,45.73,11.8113,380980.98,16018523.192,中微公司,688012.SH
688012.SH,20260514,407.98,409.58,387.01,387.17,405.6,-18.43,-4.5439,157782.97,6233168.278,中微公司,688012.SH
688012.SH,20260513,376.0,409.53,374.0,405.6,388.45,17.15,4.415,207028.06,8106644.981,中微公司,688012.SH
688012.SH,20260512,384.0,396.78,374.36,388.45,383.64,4.81,1.2538,187768.47,7286494.959,中微公司,688012.SH
688012.SH,20260511,377.05,393.33,371.3,383.64,370.0,13.64,3.6865,229065.68,8768200.329,中微公司,688012.SH
688012.SH,20260508,380.0,386.76,366.64,370.0,384.6,-14.6,-3.7962,175410.17,6554934.291,中微公司,688012.SH
688012.SH,20260507,390.0,393.0,377.27,384.6,383.3,1.3,0.3392,170079.69,6529224.169,中微公司,688012.SH
688012.SH,20260506,400.0,412.22,381.2,383.3,376.3,7.0,1.8602,237891.59,9383781.782,中微公司,688012.SH
688072.SH,20260626,806.66,865.0,790.0,832.0,823.0,9.0,1.0936,80245.35,6691102.132,拓荆科技,688072.SH
688072.SH,20260625,829.2,861.08,799.99,823.0,820.0,3.0,0.3659,77166.9,6404284.983,拓荆科技,688072.SH
688072.SH,20260624,736.0,838.0,736.0,820.0,770.0,50.0,6.4935,88363.1,6973988.611,拓荆科技,688072.SH
688072.SH,20260623,739.95,778.68,702.44,770.0,748.01,21.99,2.9398,93038.83,6982662.773,拓荆科技,688072.SH
688072.SH,20260622,740.0,766.0,708.9,748.01,734.0,14.01,1.9087,82974.97,6135858.66,拓荆科技,688072.SH
688072.SH,20260618,730.0,754.1,721.65,734.0,740.0,-6.0,-0.8108,89339.1,6592032.946,拓荆科技,688072.SH
688072.SH,20260617,640.02,740.88,638.38,740.0,655.8,84.2,12.8393,118079.81,8178007.543,拓荆科技,688072.SH
688072.SH,20260616,678.0,679.99,640.0,655.8,669.69,-13.89,-2.0741,88595.09,5779692.484,拓荆科技,688072.SH
688072.SH,20260615,650.01,674.3,615.1,669.69,645.18,24.51,3.7989,90565.2,5953978.531,拓荆科技,688072.SH
688072.SH,20260612,699.0,716.74,641.0,645.18,655.27,-10.09,-1.5398,154918.84,10452863.386,拓荆科技,688072.SH
688072.SH,20260611,602.01,656.85,602.01,655.27,618.0,37.27,6.0307,109941.83,7067988.389,拓荆科技,688072.SH
688072.SH,20260610,586.0,634.94,586.0,618.0,597.0,21.0,3.5176,102678.78,6327814.12,拓荆科技,688072.SH
688072.SH,20260609,582.05,603.88,572.0,597.0,568.47,28.53,5.0187,72676.24,4276025.898,拓荆科技,688072.SH
688072.SH,20260608,550.0,583.0,548.0,568.47,582.3,-13.83,-2.3751,82503.37,4673938.314,拓荆科技,688072.SH
688072.SH,20260605,601.98,616.44,579.0,582.3,623.02,-40.72,-6.5359,88280.6,5258470.959,拓荆科技,688072.SH
688072.SH,20260604,601.0,636.0,596.01,623.02,615.16,7.86,1.2777,91214.66,5653182.653,拓荆科技,688072.SH
688072.SH,20260603,590.0,641.8,589.12,615.49,596.0,19.49,3.2701,119210.55,7346117.137,拓荆科技,688072.SH
688072.SH,20260602,585.0,605.99,575.0,596.0,583.35,12.65,2.1685,103612.18,6150461.51,拓荆科技,688072.SH
688072.SH,20260601,611.0,622.0,580.62,583.35,627.99,-44.64,-7.1084,97694.01,5824375.401,拓荆科技,688072.SH
688072.SH,20260529,669.45,669.45,618.03,627.99,672.61,-44.62,-6.6339,115296.31,7351910.522,拓荆科技,688072.SH
688072.SH,20260528,664.97,700.0,641.12,672.61,667.0,5.61,0.8411,117125.68,7881081.088,拓荆科技,688072.SH
688072.SH,20260527,742.5,744.0,664.97,667.0,750.0,-83.0,-11.0667,131486.09,9222581.981,拓荆科技,688072.SH
688072.SH,20260526,721.12,779.0,696.0,750.0,721.0,29.0,4.0222,124141.01,8997999.354,拓荆科技,688072.SH
688072.SH,20260525,602.0,740.05,583.85,721.0,616.98,104.02,16.8595,146309.37,9722979.421,拓荆科技,688072.SH
688072.SH,20260522,606.0,636.0,578.0,616.98,606.2,10.78,1.7783,123409.51,7380004.545,拓荆科技,688072.SH
688072.SH,20260521,648.01,698.0,601.0,606.2,634.88,-28.68,-4.5174,151151.25,9686115.85,拓荆科技,688072.SH
688072.SH,20260520,570.0,636.27,566.03,634.88,554.93,79.95,14.4072,123297.49,7357057.499,拓荆科技,688072.SH
688072.SH,20260519,525.21,562.78,508.0,554.93,525.21,29.72,5.6587,83495.99,4530289.659,拓荆科技,688072.SH
688072.SH,20260518,540.0,556.0,520.01,525.21,529.94,-4.73,-0.8926,89217.49,4793111.295,拓荆科技,688072.SH
688072.SH,20260515,493.0,565.0,472.06,529.94,493.0,36.94,7.4929,105703.86,5519985.883,拓荆科技,688072.SH
688072.SH,20260514,520.0,525.0,491.17,493.0,515.02,-22.02,-4.2756,52325.53,2627865.117,拓荆科技,688072.SH
688072.SH,20260513,499.0,523.0,487.01,515.02,507.02,8.0,1.5778,60625.87,3073241.221,拓荆科技,688072.SH
688072.SH,20260512,500.0,514.98,490.0,507.02,504.18,2.84,0.5633,56753.56,2860604.779,拓荆科技,688072.SH
688072.SH,20260511,475.0,516.96,468.86,504.18,463.05,41.13,8.8824,84239.33,4171236.241,拓荆科技,688072.SH
688072.SH,20260508,471.17,479.56,456.72,463.05,479.56,-16.51,-3.4427,47377.35,2205305.313,拓荆科技,688072.SH
688072.SH,20260507,467.13,483.39,457.21,479.56,464.16,15.4,3.3178,50139.1,2383079.782,拓荆科技,688072.SH
688072.SH,20260506,467.24,489.97,460.04,464.16,445.0,19.16,4.3056,81499.08,3857774.048,拓荆科技,688072.SH
688200.SH,20260626,451.0,475.0,446.0,469.1,454.74,14.36,3.1578,42496.51,1968249.002,华峰测控,688200.SH
688200.SH,20260625,447.98,465.0,435.0,454.74,439.0,15.74,3.5854,49487.68,2226526.875,华峰测控,688200.SH
688200.SH,20260624,408.01,448.0,408.01,439.0,424.15,14.85,3.5011,55684.71,2402220.924,华峰测控,688200.SH
688200.SH,20260623,405.0,442.88,405.0,424.15,407.9,16.25,3.9838,56083.43,2361467.006,华峰测控,688200.SH
688200.SH,20260622,378.02,417.56,378.02,407.9,375.0,32.9,8.7733,72148.8,2879718.203,华峰测控,688200.SH
688200.SH,20260618,365.0,378.85,356.0,375.0,363.82,11.18,3.0729,63611.4,2338414.932,华峰测控,688200.SH
688200.SH,20260617,311.0,375.0,309.33,363.82,316.99,46.83,14.7733,86070.47,2892965.817,华峰测控,688200.SH
688200.SH,20260616,304.98,323.33,301.9,316.99,298.0,18.99,6.3725,57628.25,1813818.366,华峰测控,688200.SH
688200.SH,20260615,299.0,309.58,287.78,298.0,299.98,-1.98,-0.66,72184.61,2160880.559,华峰测控,688200.SH
688200.SH,20260612,327.96,335.74,293.92,299.98,315.0,-15.02,-4.7683,83891.28,2609821.879,华峰测控,688200.SH
688200.SH,20260611,312.58,333.0,304.73,315.0,315.13,-0.13,-0.0413,51903.03,1641259.181,华峰测控,688200.SH
688200.SH,20260610,456.0,480.0,448.04,467.46,463.0,4.46,0.9633,31170.53,1451013.282,华峰测控,688200.SH
688200.SH,20260609,443.0,468.65,438.0,463.0,437.1,25.9,5.9254,34207.49,1552428.53,华峰测控,688200.SH
688200.SH,20260608,418.0,445.0,415.08,437.1,427.92,9.18,2.1453,38113.28,1651597.988,华峰测控,688200.SH
688200.SH,20260605,433.0,443.0,420.0,427.92,441.0,-13.08,-2.966,33516.59,1444853.991,华峰测控,688200.SH
688200.SH,20260604,388.0,444.44,388.0,441.0,390.1,50.9,13.0479,48224.41,2057819.183,华峰测控,688200.SH
688200.SH,20260603,376.0,407.17,376.0,390.1,373.46,16.64,4.4556,42446.42,1663558.564,华峰测控,688200.SH
688200.SH,20260602,382.96,386.38,367.79,373.46,377.3,-3.84,-1.0178,35887.43,1351772.431,华峰测控,688200.SH
688200.SH,20260601,405.2,406.06,373.52,377.3,398.04,-20.74,-5.2105,37692.94,1452113.089,华峰测控,688200.SH
688200.SH,20260529,417.35,423.89,392.0,398.04,425.0,-26.96,-6.3435,37233.77,1515184.271,华峰测控,688200.SH
688200.SH,20260528,413.48,425.8,404.97,425.0,409.33,15.67,3.8282,32520.69,1356315.04,华峰测控,688200.SH
688200.SH,20260527,435.0,437.0,406.66,409.33,442.01,-32.68,-7.3935,41801.48,1765630.455,华峰测控,688200.SH
688200.SH,20260526,451.0,458.0,432.0,442.01,462.5,-20.49,-4.4303,35801.7,1578002.628,华峰测控,688200.SH
688200.SH,20260525,433.0,477.86,418.0,462.5,449.95,12.55,2.7892,49044.04,2180668.244,华峰测控,688200.SH
688200.SH,20260522,432.0,453.0,401.0,449.95,432.0,17.95,4.1551,49521.63,2065138.555,华峰测控,688200.SH
688200.SH,20260521,495.0,499.97,426.16,432.0,478.0,-46.0,-9.6234,43622.25,2015012.278,华峰测控,688200.SH
688200.SH,20260520,428.89,478.0,428.0,478.0,433.3,44.7,10.3162,31891.4,1454014.266,华峰测控,688200.SH
688200.SH,20260519,411.28,435.0,391.68,433.3,412.6,20.7,5.017,28556.67,1181978.403,华峰测控,688200.SH
688200.SH,20260518,407.88,430.1,401.01,412.6,412.0,0.6,0.1456,27814.79,1163556.149,华峰测控,688200.SH
688200.SH,20260515,398.21,419.88,382.3,412.0,397.0,15.0,3.7783,30885.27,1244630.834,华峰测控,688200.SH
688200.SH,20260514,400.63,408.79,391.66,397.0,399.27,-2.27,-0.5685,21990.31,879438.684,华峰测控,688200.SH
688200.SH,20260513,373.15,408.0,359.98,399.27,373.6,25.67,6.871,32940.2,1267697.829,华峰测控,688200.SH
688200.SH,20260512,362.61,389.0,356.8,373.6,367.55,6.05,1.646,29660.49,1113480.352,华峰测控,688200.SH
688200.SH,20260511,345.0,368.98,339.0,367.55,339.0,28.55,8.4218,33837.74,1204647.344,华峰测控,688200.SH
688200.SH,20260508,342.15,347.0,337.0,339.0,350.69,-11.69,-3.3334,22978.45,781892.729,华峰测控,688200.SH
688200.SH,20260507,347.01,354.21,340.01,350.69,347.0,3.69,1.0634,27725.93,965126.824,华峰测控,688200.SH
688200.SH,20260506,356.49,373.88,341.58,347.0,349.5,-2.5,-0.7153,34781.83,1234758.068,华峰测控,688200.SH
688082.SH,20260626,404.71,427.99,392.05,414.0,412.97,1.03,0.2494,88394.94,3608035.125,盛美上海,688082.SH
688082.SH,20260625,399.0,428.57,393.1,412.97,402.18,10.79,2.6829,80616.77,3310083.971,盛美上海,688082.SH
688082.SH,20260624,380.0,432.98,380.0,402.18,399.81,2.37,0.5928,83800.88,3397395.185,盛美上海,688082.SH
688082.SH,20260623,368.61,407.0,367.12,399.81,376.14,23.67,6.2929,93160.21,3597322.2,盛美上海,688082.SH
688082.SH,20260622,362.87,387.47,360.01,376.14,378.75,-2.61,-0.6891,82999.04,3100660.244,盛美上海,688082.SH
688082.SH,20260618,362.3,383.0,361.65,378.75,361.2,17.55,4.8588,103774.33,3860254.38,盛美上海,688082.SH
688082.SH,20260617,298.99,361.2,295.1,361.2,301.0,60.2,20.0,119849.45,3953468.337,盛美上海,688082.SH
688082.SH,20260616,309.0,311.93,290.04,301.0,315.0,-14.0,-4.4444,114009.97,3403168.759,盛美上海,688082.SH
688082.SH,20260615,319.97,319.97,283.5,315.0,304.66,10.34,3.3939,99488.95,3007494.377,盛美上海,688082.SH
688082.SH,20260612,303.38,330.0,295.24,304.66,284.0,20.66,7.2746,153239.44,4763934.738,盛美上海,688082.SH
688082.SH,20260611,264.0,298.0,264.0,284.0,264.99,19.01,7.1739,99643.47,2810085.715,盛美上海,688082.SH
688082.SH,20260610,259.0,271.46,253.88,264.99,263.86,1.13,0.4283,86973.75,2288756.994,盛美上海,688082.SH
688082.SH,20260609,253.11,267.8,240.27,263.86,245.6,18.26,7.4349,109036.51,2786583.695,盛美上海,688082.SH
688082.SH,20260608,236.59,257.99,235.0,245.6,251.0,-5.4,-2.1514,92908.18,2284200.691,盛美上海,688082.SH
688082.SH,20260605,259.68,266.0,248.6,251.0,270.5,-19.5,-7.2089,78613.03,2026627.302,盛美上海,688082.SH
688082.SH,20260604,250.0,278.35,241.14,270.5,252.94,17.56,6.9424,118475.91,3151395.205,盛美上海,688082.SH
688082.SH,20260603,229.0,265.5,225.61,252.94,225.05,27.89,12.3928,149442.08,3642378.873,盛美上海,688082.SH
688082.SH,20260602,217.0,233.17,210.33,225.05,215.15,9.9,4.6014,108297.49,2404811.917,盛美上海,688082.SH
688082.SH,20260601,226.5,227.0,212.88,215.15,229.04,-13.89,-6.0644,87949.65,1929026.923,盛美上海,688082.SH
688082.SH,20260529,250.0,251.2,225.47,229.04,243.88,-14.84,-6.085,108754.0,2534304.001,盛美上海,688082.SH
688082.SH,20260528,240.0,247.0,227.86,243.88,241.0,2.88,1.195,114686.45,2748352.445,盛美上海,688082.SH
688082.SH,20260527,256.98,265.0,237.39,241.0,256.98,-15.98,-6.2184,139798.79,3489431.396,盛美上海,688082.SH
688082.SH,20260526,251.0,269.0,248.0,256.98,251.0,5.98,2.3825,179802.95,4646477.968,盛美上海,688082.SH
688082.SH,20260525,214.44,255.8,214.29,251.0,213.17,37.83,17.7464,191237.48,4593175.359,盛美上海,688082.SH
688082.SH,20260522,212.5,217.68,204.58,213.17,212.72,0.45,0.2115,127204.32,2680913.541,盛美上海,688082.SH
688082.SH,20260521,217.0,225.04,211.01,212.72,210.68,2.04,0.9683,217805.78,4747101.023,盛美上海,688082.SH
688082.SH,20260520,194.0,214.73,193.05,210.68,196.8,13.88,7.0528,169839.79,3438643.96,盛美上海,688082.SH
688082.SH,20260519,182.98,199.97,179.3,196.8,185.18,11.62,6.275,153652.21,2931110.019,盛美上海,688082.SH
688082.SH,20260518,182.25,190.0,177.3,185.18,175.2,9.98,5.6963,139606.33,2554189.89,盛美上海,688082.SH
688082.SH,20260515,175.8,184.2,166.58,175.2,175.1,0.1,0.0571,120804.79,2127981.666,盛美上海,688082.SH
688082.SH,20260514,180.12,181.72,174.8,175.1,180.88,-5.78,-3.1955,81263.89,1449100.46,盛美上海,688082.SH
688082.SH,20260513,169.28,184.6,167.6,180.88,174.42,6.46,3.7037,109143.92,1914840.164,盛美上海,688082.SH
688082.SH,20260512,167.0,175.3,162.8,174.42,166.23,8.19,4.9269,120994.59,2062429.464,盛美上海,688082.SH
688082.SH,20260511,162.21,167.94,161.09,166.23,160.21,6.02,3.7576,85115.52,1403567.295,盛美上海,688082.SH
688082.SH,20260508,158.73,164.0,155.68,160.21,160.35,-0.14,-0.0873,70592.99,1125533.049,盛美上海,688082.SH
688082.SH,20260507,158.7,160.37,156.31,160.35,157.2,3.15,2.0038,57437.01,909026.561,盛美上海,688082.SH
688082.SH,20260506,157.22,163.5,155.88,157.2,154.11,3.09,2.0051,64287.66,1023854.002,盛美上海,688082.SH
688126.SH,20260626,33.89,36.06,32.36,34.86,33.31,1.55,4.6533,2656248.08,9218279.991,沪硅产业,688126.SH
688126.SH,20260625,32.82,34.18,31.69,33.31,32.57,0.74,2.272,2073332.96,6875238.472,沪硅产业,688126.SH
688126.SH,20260624,31.4,32.96,30.44,32.57,32.22,0.35,1.0863,1745391.09,5578779.424,沪硅产业,688126.SH
688126.SH,20260623,33.0,33.65,31.19,32.22,33.9,-1.68,-4.9558,1741189.37,5606309.587,沪硅产业,688126.SH
688126.SH,20260622,33.33,34.28,32.15,33.9,32.2,1.7,5.2795,2527797.84,8436291.63,沪硅产业,688126.SH
688126.SH,20260618,32.1,33.1,31.8,32.2,32.4,-0.2,-0.6173,1980411.14,6409188.818,沪硅产业,688126.SH
688126.SH,20260617,30.0,33.21,29.89,32.4,31.05,1.35,4.3478,2611436.41,8202349.921,沪硅产业,688126.SH
688126.SH,20260616,31.3,32.28,30.42,31.05,31.22,-0.17,-0.5445,2045617.23,6404745.653,沪硅产业,688126.SH
688126.SH,20260615,29.0,32.45,27.8,31.22,29.59,1.63,5.5086,2496364.71,7549394.178,沪硅产业,688126.SH
688126.SH,20260612,34.55,35.7,28.88,29.59,32.5,-2.91,-8.9538,3195531.16,10032219.22,沪硅产业,688126.SH
688126.SH,20260611,32.3,33.7,31.04,32.5,32.65,-0.15,-0.4594,2204794.19,7107666.826,沪硅产业,688126.SH
688126.SH,20260610,32.25,34.54,31.75,32.65,31.73,0.92,2.8995,2972113.85,9853873.115,沪硅产业,688126.SH
688126.SH,20260609,27.43,31.73,27.07,31.73,26.44,5.29,20.0076,2178718.69,6515604.968,沪硅产业,688126.SH
688126.SH,20260608,26.5,28.74,26.2,26.44,28.49,-2.05,-7.1955,1563150.24,4261661.184,沪硅产业,688126.SH
688126.SH,20260605,28.36,29.65,27.71,28.49,28.85,-0.36,-1.2478,1757199.13,5031675.997,沪硅产业,688126.SH
688126.SH,20260604,24.7,30.0,24.61,28.85,25.28,3.57,14.1218,2474895.25,6921059.029,沪硅产业,688126.SH
688126.SH,20260603,24.9,26.94,24.78,25.28,24.71,0.57,2.3068,1676037.27,4339224.226,沪硅产业,688126.SH
688126.SH,20260602,25.88,26.22,24.6,24.71,25.88,-1.17,-4.5209,1328870.32,3325609.337,沪硅产业,688126.SH
688126.SH,20260601,27.0,27.48,25.38,25.88,27.7,-1.82,-6.5704,1505229.09,3962453.653,沪硅产业,688126.SH
688126.SH,20260529,31.0,31.52,27.1,27.7,30.61,-2.91,-9.5067,2173353.05,6288091.529,沪硅产业,688126.SH
688126.SH,20260528,27.27,31.6,27.27,30.61,28.07,2.54,9.0488,2515800.45,7588390.991,沪硅产业,688126.SH
688126.SH,20260527,27.01,28.96,26.1,28.07,26.9,1.17,4.3494,1998814.48,5497874.435,沪硅产业,688126.SH
688126.SH,20260526,29.0,29.0,26.5,26.9,29.05,-2.15,-7.401,1725766.64,4731003.552,沪硅产业,688126.SH
688126.SH,20260525,27.81,29.86,26.47,29.05,27.81,1.24,4.4588,2183664.46,6141027.496,沪硅产业,688126.SH
688126.SH,20260522,28.05,28.48,26.42,27.81,27.68,0.13,0.4697,2146835.99,5894478.601,沪硅产业,688126.SH
688126.SH,20260521,30.01,31.61,27.63,27.68,29.31,-1.63,-5.5612,2597265.16,7729187.197,沪硅产业,688126.SH
688126.SH,20260520,29.0,29.77,28.55,29.31,29.52,-0.21,-0.7114,2328854.32,6794326.481,沪硅产业,688126.SH
688126.SH,20260519,24.41,29.52,23.96,29.52,24.6,4.92,20.0,2605022.77,7017204.611,沪硅产业,688126.SH
688126.SH,20260518,24.07,25.7,23.73,24.6,24.07,0.53,2.2019,1305656.42,3222805.314,沪硅产业,688126.SH
688126.SH,20260515,25.56,26.38,23.81,24.07,24.97,-0.9,-3.6043,1525401.89,3773873.857,沪硅产业,688126.SH
688126.SH,20260514,26.09,26.25,24.96,24.97,25.56,-0.59,-2.3083,1309032.67,3348598.887,沪硅产业,688126.SH
688126.SH,20260513,24.72,26.0,24.34,25.56,25.26,0.3,1.1876,1401744.49,3547914.515,沪硅产业,688126.SH
688126.SH,20260512,24.3,26.88,23.74,25.26,24.19,1.07,4.4233,1815042.68,4609258.12,沪硅产业,688126.SH
688126.SH,20260511,23.97,25.1,23.02,24.19,22.99,1.2,5.2197,1604253.76,3867723.795,沪硅产业,688126.SH
688126.SH,20260508,22.3,23.55,21.9,22.99,22.54,0.45,1.9965,1122262.83,2576751.28,沪硅产业,688126.SH
688126.SH,20260507,21.95,22.86,21.69,22.54,22.33,0.21,0.9404,851251.35,1891057.794,沪硅产业,688126.SH
688126.SH,20260506,21.41,23.25,21.08,22.33,20.61,1.72,8.3455,1359389.86,3006960.576,沪硅产业,688126.SH
688019.SH,20260626,262.31,281.0,258.8,274.48,268.55,5.93,2.2082,116283.1,3147540.621,安集科技,688019.SH
688019.SH,20260625,270.0,272.8,257.57,268.55,264.3,4.25,1.608,114060.93,3032477.176,安集科技,688019.SH
688019.SH,20260624,243.23,268.78,239.86,264.3,246.1,18.2,7.3954,125232.38,3211545.59,安集科技,688019.SH
688019.SH,20260623,254.99,255.84,241.8,246.1,257.2,-11.1,-4.3157,90330.37,2242516.723,安集科技,688019.SH
688019.SH,20260622,251.19,259.22,243.32,257.2,245.99,11.21,4.5571,110213.88,2771527.796,安集科技,688019.SH
688019.SH,20260618,244.42,250.68,242.5,245.99,245.62,0.37,0.1506,101732.79,2500918.569,安集科技,688019.SH
688019.SH,20260617,228.0,245.62,226.45,245.62,232.88,12.74,5.4706,111638.88,2651019.354,安集科技,688019.SH
688019.SH,20260616,235.33,238.8,227.24,232.88,233.67,-0.79,-0.3381,102307.88,2372996.598,安集科技,688019.SH
688019.SH,20260615,225.0,233.8,220.66,233.67,225.0,8.67,3.8533,94776.97,2173166.199,安集科技,688019.SH
688019.SH,20260612,240.3,244.2,223.0,225.0,230.45,-5.45,-2.3649,137983.59,3226731.347,安集科技,688019.SH
688019.SH,20260611,214.2,232.95,214.15,230.45,216.4,14.05,6.4926,126595.09,2877930.939,安集科技,688019.SH
688019.SH,20260610,210.16,221.0,210.13,216.4,214.43,1.97,0.9187,77861.53,1688357.302,安集科技,688019.SH
688019.SH,20260609,264.97,281.65,263.0,279.26,259.78,19.48,7.4987,58729.56,1600126.705,安集科技,688019.SH
688019.SH,20260608,255.0,268.24,255.0,259.78,273.0,-13.22,-4.8425,50782.13,1331221.387,安集科技,688019.SH
688019.SH,20260605,278.6,288.28,271.5,273.0,282.59,-9.59,-3.3936,56425.56,1568891.218,安集科技,688019.SH
688019.SH,20260604,270.7,285.78,270.12,282.59,279.0,3.59,1.2867,54294.28,1526574.871,安集科技,688019.SH
688019.SH,20260603,275.0,287.77,273.02,279.0,274.18,4.82,1.758,61620.23,1733342.522,安集科技,688019.SH
688019.SH,20260602,271.0,280.89,267.33,274.18,268.0,6.18,2.306,57545.44,1579654.571,安集科技,688019.SH
688019.SH,20260601,286.66,288.29,267.2,268.0,284.23,-16.23,-5.7102,64769.07,1783362.835,安集科技,688019.SH
688019.SH,20260529,303.75,305.8,281.03,284.23,303.0,-18.77,-6.1947,79428.64,2300398.231,安集科技,688019.SH
688019.SH,20260528,309.0,311.0,294.53,303.0,312.88,-9.88,-3.1578,89090.97,2690886.066,安集科技,688019.SH
688019.SH,20260527,338.0,348.5,312.5,312.88,339.3,-26.42,-7.7866,87755.64,2893170.571,安集科技,688019.SH
688019.SH,20260526,335.72,339.59,316.2,339.3,329.22,10.08,3.0618,80746.27,2638301.106,安集科技,688019.SH
688019.SH,20260525,311.0,344.02,301.21,329.22,311.19,18.03,5.7939,93306.95,2998200.283,安集科技,688019.SH
688019.SH,20260522,309.0,314.8,296.08,311.19,304.79,6.4,2.0998,84235.17,2563780.14,安集科技,688019.SH
688019.SH,20260521,328.0,344.2,303.77,304.79,323.84,-19.05,-5.8825,118442.01,3837547.151,安集科技,688019.SH
688019.SH,20260520,303.0,330.44,302.1,323.84,304.0,19.84,6.5263,98332.55,3105232.036,安集科技,688019.SH
688019.SH,20260519,286.0,305.88,278.1,304.0,288.56,15.44,5.3507,85088.88,2483010.746,安集科技,688019.SH
688019.SH,20260518,283.82,303.88,283.65,288.56,276.8,11.76,4.2486,85226.91,2494643.051,安集科技,688019.SH
688019.SH,20260515,269.0,290.05,259.19,276.8,271.0,5.8,2.1402,87326.18,2402350.746,安集科技,688019.SH
688019.SH,20260514,289.99,290.0,270.34,271.0,287.0,-16.0,-5.5749,75134.95,2085520.401,安集科技,688019.SH
688019.SH,20260513,269.0,290.13,268.03,287.0,271.5,15.5,5.709,77764.6,2177524.556,安集科技,688019.SH
688019.SH,20260512,270.1,274.34,263.44,271.5,270.2,1.3,0.4811,59136.53,1593351.936,安集科技,688019.SH
688019.SH,20260511,260.86,276.88,260.86,270.2,256.0,14.2,5.5469,68772.53,1848926.627,安集科技,688019.SH
688019.SH,20260508,261.62,261.68,252.26,256.0,266.01,-10.01,-3.763,47635.26,1222627.367,安集科技,688019.SH
688019.SH,20260507,262.99,266.99,257.33,266.01,259.85,6.16,2.3706,54169.76,1422125.727,安集科技,688019.SH
688019.SH,20260506,260.0,271.63,255.2,259.85,250.2,9.65,3.8569,73751.33,1949264.266,安集科技,688019.SH
002409.SZ,20260626,180.0,195.2,178.2,188.6,181.03,7.57,4.1816,355977.92,6680838.51352,雅克科技,002409.SZ
002409.SZ,20260625,184.0,186.5,172.0,181.03,173.05,7.98,4.6114,407546.94,7310339.53488,雅克科技,002409.SZ
002409.SZ,20260624,155.0,173.05,155.0,173.05,157.32,15.73,9.9987,325013.74,5429599.23815,雅克科技,002409.SZ
002409.SZ,20260623,160.03,167.8,155.2,157.32,165.18,-7.86,-4.7584,351116.64,5650015.3644,雅克科技,002409.SZ
002409.SZ,20260622,152.86,165.18,152.86,165.18,150.16,15.02,10.0027,347296.2,5520354.1655,雅克科技,002409.SZ
002409.SZ,20260618,146.44,151.6,143.85,150.16,147.92,2.24,1.5143,317760.06,4693928.72751,雅克科技,002409.SZ
002409.SZ,20260617,137.0,149.22,136.0,147.92,137.76,10.16,7.3751,374932.22,5422421.73795,雅克科技,002409.SZ
002409.SZ,20260616,137.45,143.6,135.05,137.76,138.83,-1.07,-0.7707,366139.26,5070951.74692,雅克科技,002409.SZ
002409.SZ,20260615,133.32,138.88,128.0,138.83,132.99,5.84,4.3913,406588.98,5478749.45209,雅克科技,002409.SZ
002409.SZ,20260612,140.01,144.5,131.81,132.99,134.81,-1.82,-1.35,663192.64,9133081.4388,雅克科技,002409.SZ
002409.SZ,20260611,126.22,134.81,124.0,134.81,122.55,12.26,10.0041,576461.13,7504770.52332,雅克科技,002409.SZ
002409.SZ,20260610,107.95,122.55,107.1,122.55,111.41,11.14,9.9991,334547.21,3919264.51426,雅克科技,002409.SZ
002409.SZ,20260609,108.79,111.5,105.81,111.41,105.62,5.79,5.4819,210295.26,2296126.62986,雅克科技,002409.SZ
002409.SZ,20260608,107.66,110.0,104.7,105.62,115.0,-9.38,-8.1565,237895.91,2555510.482,雅克科技,002409.SZ
002409.SZ,20260605,113.74,119.09,111.41,115.0,117.78,-2.78,-2.3603,258014.4,2984385.316,雅克科技,002409.SZ
002409.SZ,20260604,111.5,120.0,111.48,117.78,113.8,3.98,3.4974,274044.33,3199932.15,雅克科技,002409.SZ
002409.SZ,20260603,110.19,116.0,110.1,113.8,109.63,4.17,3.8037,244694.91,2791247.026,雅克科技,002409.SZ
002409.SZ,20260602,104.87,112.0,103.4,109.63,104.99,4.64,4.4195,255248.81,2783748.883,雅克科技,002409.SZ
002409.SZ,20260601,108.0,110.8,104.59,104.99,107.36,-2.37,-2.2075,214900.51,2306379.65,雅克科技,002409.SZ
002409.SZ,20260529,115.84,117.6,106.23,107.67,115.36,-7.69,-6.6661,301603.88,3334304.522,雅克科技,002409.SZ
002409.SZ,20260528,114.82,116.9,110.94,115.36,118.41,-3.05,-2.5758,280206.03,3190590.905,雅克科技,002409.SZ
002409.SZ,20260527,125.0,127.48,117.3,118.41,123.21,-4.8,-3.8958,306556.37,3757295.651,雅克科技,002409.SZ
002409.SZ,20260526,125.54,126.19,119.6,123.21,128.15,-4.94,-3.8549,396234.5,4856309.938,雅克科技,002409.SZ
002409.SZ,20260525,119.33,128.15,115.55,128.15,116.5,11.65,10.0,393215.05,4855324.835,雅克科技,002409.SZ
002409.SZ,20260522,114.75,118.18,110.32,116.5,113.9,2.6,2.2827,345053.15,3928009.326,雅克科技,002409.SZ
002409.SZ,20260521,122.73,125.0,113.63,113.9,120.56,-6.66,-5.5242,425462.06,5103994.765,雅克科技,002409.SZ
002409.SZ,20260520,116.13,122.98,116.0,120.56,115.96,4.6,3.9669,383039.69,4638653.633,雅克科技,002409.SZ
002409.SZ,20260519,112.97,115.96,107.44,115.96,114.19,1.77,1.55,405614.34,4535207.185,雅克科技,002409.SZ
002409.SZ,20260518,117.14,118.21,113.01,114.19,107.46,6.73,6.2628,392406.44,4544238.673,雅克科技,002409.SZ
002409.SZ,20260515,108.97,114.8,106.14,107.46,106.9,0.56,0.5239,382604.88,4197943.572,雅克科技,002409.SZ
002409.SZ,20260514,107.0,109.99,104.5,106.9,103.25,3.65,3.5351,408573.0,4384316.498,雅克科技,002409.SZ
002409.SZ,20260513,91.99,103.25,91.35,103.25,93.86,9.39,10.0043,236591.58,2335890.093,雅克科技,002409.SZ
002409.SZ,20260512,96.0,96.53,92.57,93.86,94.55,-0.69,-0.7298,160399.48,1502816.735,雅克科技,002409.SZ
002409.SZ,20260511,92.78,97.0,92.33,94.55,88.86,5.69,6.4033,268926.67,2543721.025,雅克科技,002409.SZ
002409.SZ,20260508,90.52,90.98,88.22,88.86,92.08,-3.22,-3.497,130911.18,1168558.878,雅克科技,002409.SZ
002409.SZ,20260507,91.13,92.36,89.83,92.08,90.21,1.87,2.0729,143757.97,1310803.076,雅克科技,002409.SZ
002409.SZ,20260506,87.55,92.99,87.55,90.21,84.71,5.5,6.4927,217313.26,1969548.538,雅克科技,002409.SZ
688720.SH,20260626,89.0,97.98,87.32,94.26,88.2,6.06,6.8707,92408.82,870461.449,艾森股份,688720.SH
688720.SH,20260625,87.32,90.88,85.04,88.2,85.9,2.3,2.6775,74231.83,659486.844,艾森股份,688720.SH
688720.SH,20260624,81.73,86.7,80.72,85.9,83.15,2.75,3.3073,66487.18,562954.656,艾森股份,688720.SH
688720.SH,20260623,84.8,86.88,81.01,83.15,84.15,-1.0,-1.1884,60605.86,507533.35,艾森股份,688720.SH
688720.SH,20260622,88.0,88.0,81.2,84.15,85.85,-1.7,-1.9802,86239.19,724816.533,艾森股份,688720.SH
688720.SH,20260618,83.0,86.67,81.0,85.85,84.0,1.85,2.2024,84502.05,715075.108,艾森股份,688720.SH
688720.SH,20260617,73.11,84.48,72.85,84.0,74.2,9.8,13.2075,111425.17,896571.493,艾森股份,688720.SH
688720.SH,20260616,73.09,75.56,71.0,74.2,72.46,1.74,2.4013,85937.61,634346.357,艾森股份,688720.SH
688720.SH,20260615,67.99,72.6,66.0,72.46,67.91,4.55,6.7,65625.49,461078.19,艾森股份,688720.SH
688720.SH,20260612,104.0,106.9,93.75,94.5,102.29,-7.79,-7.6156,71983.93,718034.574,艾森股份,688720.SH
688720.SH,20260611,94.0,103.43,94.0,102.29,95.48,6.81,7.1324,70855.11,703704.394,艾森股份,688720.SH
688720.SH,20260610,93.76,97.5,93.32,95.48,94.9,0.58,0.6112,43778.5,417885.158,艾森股份,688720.SH
688720.SH,20260609,90.0,96.0,88.0,94.9,87.56,7.34,8.3828,41396.78,384270.0,艾森股份,688720.SH
688720.SH,20260608,84.55,91.68,84.55,87.56,92.5,-4.94,-5.3405,32460.01,287082.583,艾森股份,688720.SH
688720.SH,20260605,93.79,96.66,90.73,92.5,95.84,-3.34,-3.485,37258.83,347790.996,艾森股份,688720.SH
688720.SH,20260604,88.38,98.66,87.91,95.84,90.05,5.79,6.4298,63776.03,611155.214,艾森股份,688720.SH
688720.SH,20260603,85.8,93.8,85.5,90.05,86.76,3.29,3.7921,52097.24,467908.241,艾森股份,688720.SH
688720.SH,20260602,88.93,90.47,85.78,86.76,87.92,-1.16,-1.3194,37427.03,329006.549,艾森股份,688720.SH
688720.SH,20260601,92.83,94.2,87.87,87.92,92.26,-4.34,-4.7041,50239.93,454271.957,艾森股份,688720.SH
688720.SH,20260529,105.0,107.3,90.3,92.26,103.25,-10.99,-10.6441,95308.68,931059.502,艾森股份,688720.SH
688720.SH,20260528,99.21,103.5,97.0,103.25,100.15,3.1,3.0954,64181.82,651730.799,艾森股份,688720.SH
688720.SH,20260527,112.7,113.0,99.21,100.15,110.26,-10.11,-9.1692,95049.99,999377.518,艾森股份,688720.SH
688720.SH,20260526,108.6,113.88,106.21,110.26,105.28,4.98,4.7302,115530.26,1269714.896,艾森股份,688720.SH
688720.SH,20260525,97.69,109.6,95.9,105.28,93.37,11.91,12.7557,106800.05,1090935.982,艾森股份,688720.SH
688720.SH,20260522,91.11,94.9,88.0,93.37,90.0,3.37,3.7444,87440.02,799903.655,艾森股份,688720.SH
688720.SH,20260521,105.25,108.25,89.8,90.0,105.77,-15.77,-14.9097,119548.34,1183914.197,艾森股份,688720.SH
688720.SH,20260520,97.11,109.84,96.93,105.77,98.03,7.74,7.8955,80196.87,839094.404,艾森股份,688720.SH
688720.SH,20260519,91.0,98.28,89.75,98.03,93.4,4.63,4.9572,68050.46,648521.63,艾森股份,688720.SH
688720.SH,20260518,94.89,97.52,91.8,93.4,91.52,1.88,2.0542,66472.02,623876.222,艾森股份,688720.SH
688720.SH,20260515,92.08,94.99,87.68,91.52,90.52,1.0,1.1047,69991.08,643333.042,艾森股份,688720.SH
688720.SH,20260514,92.76,95.5,90.21,90.52,91.68,-1.16,-1.2653,59057.12,546084.77,艾森股份,688720.SH
688720.SH,20260513,87.07,92.89,85.24,91.68,89.4,2.28,2.5503,65629.32,587840.917,艾森股份,688720.SH
688720.SH,20260512,85.62,89.6,84.12,89.4,86.48,2.92,3.3765,70950.88,618205.988,艾森股份,688720.SH
688720.SH,20260511,84.9,89.43,84.17,86.48,81.96,4.52,5.5149,62336.57,539710.523,艾森股份,688720.SH
688720.SH,20260508,82.0,83.45,80.49,81.96,83.04,-1.08,-1.3006,32378.58,266260.663,艾森股份,688720.SH
688720.SH,20260507,81.5,83.24,79.28,83.04,80.61,2.43,3.0145,38387.19,315987.482,艾森股份,688720.SH
688720.SH,20260506,84.0,84.88,80.01,80.61,80.13,0.48,0.599,51568.29,422885.122,艾森股份,688720.SH
300666.SZ,20260626,326.7,366.65,324.48,354.78,330.0,24.78,7.5091,272492.73,9501036.54982,江丰电子,300666.SZ
300666.SZ,20260625,314.0,337.7,304.1,330.0,304.04,25.96,8.5384,255853.52,8290035.11695,江丰电子,300666.SZ
300666.SZ,20260624,291.72,308.62,285.0,304.04,292.83,11.21,3.8282,207834.53,6210300.21589,江丰电子,300666.SZ
300666.SZ,20260623,300.1,308.53,289.0,292.83,308.75,-15.92,-5.1563,225253.29,6686822.44438,江丰电子,300666.SZ
300666.SZ,20260622,323.0,326.53,299.19,308.75,311.2,-2.45,-0.7873,285322.62,8852208.12902,江丰电子,300666.SZ
300666.SZ,20260618,301.58,325.68,300.6,311.2,301.57,9.63,3.1933,256254.34,8016166.02389,江丰电子,300666.SZ
300666.SZ,20260617,288.0,304.4,285.01,301.57,299.61,1.96,0.6542,314455.57,9224904.82785,江丰电子,300666.SZ
300666.SZ,20260616,293.0,308.8,288.18,299.61,293.6,6.01,2.047,330669.11,9821713.34485,江丰电子,300666.SZ
300666.SZ,20260615,284.0,298.0,265.6,293.6,274.08,19.52,7.122,331235.64,9406398.89711,江丰电子,300666.SZ
300666.SZ,20260612,337.21,338.88,271.93,274.08,292.4,-18.32,-6.2654,480243.1,14147876.6098,江丰电子,300666.SZ
300666.SZ,20260611,255.13,292.4,255.13,292.4,243.67,48.73,19.9984,216001.07,6027696.4581,江丰电子,300666.SZ
300666.SZ,20260610,224.85,249.88,220.0,243.67,224.88,18.79,8.3556,278644.05,6509198.72041,江丰电子,300666.SZ
300666.SZ,20260609,199.0,226.5,195.22,224.88,193.57,31.31,16.175,232551.18,4958217.83235,江丰电子,300666.SZ
300666.SZ,20260608,195.0,205.8,191.0,193.57,201.19,-7.62,-3.7875,139819.55,2747500.909,江丰电子,300666.SZ
300666.SZ,20260605,205.55,215.96,198.2,201.19,210.53,-9.34,-4.4364,150399.55,3099130.637,江丰电子,300666.SZ
300666.SZ,20260604,205.0,213.46,205.0,210.53,208.0,2.53,1.2163,133710.89,2811072.406,江丰电子,300666.SZ
300666.SZ,20260603,209.16,214.44,204.27,208.0,209.22,-1.22,-0.5831,181712.89,3796265.62,江丰电子,300666.SZ
300666.SZ,20260602,188.6,215.88,188.6,209.22,188.06,21.16,11.2517,258815.96,5361965.694,江丰电子,300666.SZ
300666.SZ,20260601,189.25,198.6,186.55,188.06,190.2,-2.14,-1.1251,135235.85,2593346.677,江丰电子,300666.SZ
300666.SZ,20260529,204.0,204.14,187.74,190.2,203.05,-12.85,-6.3285,182066.85,3527764.334,江丰电子,300666.SZ
300666.SZ,20260528,182.18,204.97,181.67,203.05,183.4,19.65,10.7143,252078.77,4956263.868,江丰电子,300666.SZ
300666.SZ,20260527,195.0,197.99,182.24,183.4,197.09,-13.69,-6.9461,164118.02,3116623.253,江丰电子,300666.SZ
300666.SZ,20260526,205.63,205.63,188.25,197.09,207.99,-10.9,-5.2406,185035.21,3609431.678,江丰电子,300666.SZ
300666.SZ,20260525,197.9,209.38,189.68,207.99,196.6,11.39,5.7935,170882.55,3445613.606,江丰电子,300666.SZ
300666.SZ,20260522,192.99,201.87,184.0,196.6,190.64,5.96,3.1263,172281.55,3326538.719,江丰电子,300666.SZ
300666.SZ,20260521,216.5,222.22,188.9,191.02,213.68,-22.66,-10.6046,234997.14,4864849.767,江丰电子,300666.SZ
300666.SZ,20260520,209.88,218.0,205.24,213.68,213.93,-0.25,-0.1169,157565.23,3324368.875,江丰电子,300666.SZ
300666.SZ,20260519,199.0,216.49,196.0,213.93,201.26,12.67,6.2953,198009.21,4101653.223,江丰电子,300666.SZ
300666.SZ,20260518,189.92,202.5,186.28,201.26,189.86,11.4,6.0044,188945.01,3732169.409,江丰电子,300666.SZ
300666.SZ,20260515,181.67,197.99,181.11,189.86,180.0,9.86,5.4778,205756.66,3881658.926,江丰电子,300666.SZ
300666.SZ,20260514,187.0,195.0,180.0,180.0,186.25,-6.25,-3.3557,146179.39,2738766.932,江丰电子,300666.SZ
300666.SZ,20260513,177.04,187.27,174.09,186.25,181.77,4.48,2.4647,139600.74,2515239.697,江丰电子,300666.SZ
300666.SZ,20260512,183.0,183.28,177.77,181.77,185.0,-3.23,-1.7459,121006.21,2177606.349,江丰电子,300666.SZ
300666.SZ,20260511,176.9,185.0,174.01,185.0,173.43,11.57,6.6713,174300.84,3148505.379,江丰电子,300666.SZ
300666.SZ,20260508,180.6,181.8,172.0,173.43,186.55,-13.12,-7.033,169390.23,2982263.055,江丰电子,300666.SZ
300666.SZ,20260507,183.31,186.6,177.28,186.55,182.01,4.54,2.4944,126308.35,2305292.337,江丰电子,300666.SZ
300666.SZ,20260506,185.0,195.6,181.01,182.01,179.71,2.3,1.2798,162893.78,3055031.713,江丰电子,300666.SZ
002312.SZ,20260626,10.02,10.57,9.73,10.11,10.28,-0.17,-1.6537,848725.75,852849.19222,鼎龙股份,002312.SZ
002312.SZ,20260625,9.69,10.84,9.61,10.28,9.88,0.4,4.0486,1223105.15,1245566.08911,鼎龙股份,002312.SZ
002312.SZ,20260624,9.5,9.95,9.42,9.88,9.59,0.29,3.024,873950.99,847981.88726,鼎龙股份,002312.SZ
002312.SZ,20260623,9.82,9.95,9.56,9.59,9.26,0.33,3.5637,1084595.46,1058235.58907,鼎龙股份,002312.SZ
002312.SZ,20260622,8.59,9.26,8.53,9.26,8.42,0.84,9.9762,301297.43,273986.47021,鼎龙股份,002312.SZ
002312.SZ,20260618,8.56,8.62,8.38,8.42,8.58,-0.16,-1.8648,250061.57,211389.8855,鼎龙股份,002312.SZ
002312.SZ,20260617,8.85,8.85,8.53,8.58,8.9,-0.32,-3.5955,339385.94,292332.31226,鼎龙股份,002312.SZ
002312.SZ,20260616,8.92,9.0,8.74,8.9,8.93,-0.03,-0.3359,332716.19,295824.44586,鼎龙股份,002312.SZ
002312.SZ,20260615,8.84,9.08,8.8,8.93,8.88,0.05,0.5631,464919.0,415726.77216,鼎龙股份,002312.SZ
002312.SZ,20260612,8.69,9.0,8.4,8.88,8.79,0.09,1.0239,682200.27,591725.85182,鼎龙股份,002312.SZ
002312.SZ,20260611,8.35,9.07,8.35,8.88,8.28,0.6,7.2464,740751.85,648308.50166,鼎龙股份,002312.SZ
002312.SZ,20260610,8.26,8.38,8.22,8.28,8.32,-0.04,-0.4808,177372.5,146956.6165,鼎龙股份,002312.SZ
002312.SZ,20260609,8.32,8.38,8.18,8.32,8.27,0.05,0.6046,201718.22,166767.49863,鼎龙股份,002312.SZ
002312.SZ,20260608,8.45,8.6,8.18,8.27,8.62,-0.35,-4.0603,242546.91,202968.522,鼎龙股份,002312.SZ
002312.SZ,20260605,8.66,8.75,8.54,8.62,8.66,-0.04,-0.4619,213315.03,184501.963,鼎龙股份,002312.SZ
002312.SZ,20260604,8.83,8.84,8.58,8.66,8.87,-0.21,-2.3675,226934.12,196901.486,鼎龙股份,002312.SZ
002312.SZ,20260603,8.97,8.97,8.8,8.87,8.94,-0.07,-0.783,192558.06,170817.436,鼎龙股份,002312.SZ
002312.SZ,20260602,9.18,9.18,8.86,8.94,9.15,-0.21,-2.2951,228708.81,204910.77,鼎龙股份,002312.SZ
002312.SZ,20260601,9.0,9.2,8.96,9.15,9.05,0.1,1.105,164611.0,150243.552,鼎龙股份,002312.SZ
002312.SZ,20260529,9.15,9.19,9.0,9.05,9.14,-0.09,-0.9847,217244.14,197661.238,鼎龙股份,002312.SZ
002312.SZ,20260528,9.17,9.23,9.0,9.14,9.17,-0.03,-0.3272,213683.42,194905.799,鼎龙股份,002312.SZ
002312.SZ,20260527,9.55,9.63,9.14,9.17,9.55,-0.38,-3.9791,288670.22,268933.628,鼎龙股份,002312.SZ
002312.SZ,20260526,9.45,9.55,9.33,9.55,9.49,0.06,0.6322,231660.84,218615.768,鼎龙股份,002312.SZ
002312.SZ,20260525,9.77,9.79,9.46,9.49,9.73,-0.24,-2.4666,273487.8,261529.158,鼎龙股份,002312.SZ
002312.SZ,20260522,9.74,9.82,9.65,9.73,9.73,0.0,0.0,176049.38,171162.347,鼎龙股份,002312.SZ
002312.SZ,20260521,9.94,10.05,9.72,9.73,9.87,-0.14,-1.4184,266678.93,263578.058,鼎龙股份,002312.SZ
002312.SZ,20260520,10.0,10.04,9.83,9.87,10.08,-0.21,-2.0833,213509.71,211123.614,鼎龙股份,002312.SZ
002312.SZ,20260519,10.03,10.13,9.85,10.08,10.03,0.05,0.4985,283600.21,282393.315,鼎龙股份,002312.SZ
002312.SZ,20260518,10.18,10.27,10.01,10.03,10.32,-0.29,-2.8101,297632.88,300372.631,鼎龙股份,002312.SZ
002312.SZ,20260515,10.39,10.58,10.31,10.32,10.41,-0.09,-0.8646,248564.24,258986.111,鼎龙股份,002312.SZ
002312.SZ,20260514,10.76,10.76,10.4,10.41,10.75,-0.34,-3.1628,434468.5,456296.904,鼎龙股份,002312.SZ
002312.SZ,20260513,10.8,10.82,10.7,10.75,10.8,-0.05,-0.463,280272.74,300974.208,鼎龙股份,002312.SZ
002312.SZ,20260512,10.98,10.99,10.76,10.8,10.95,-0.15,-1.3699,353534.39,382573.332,鼎龙股份,002312.SZ
002312.SZ,20260511,10.92,11.09,10.9,10.95,10.87,0.08,0.736,425000.02,466655.706,鼎龙股份,002312.SZ
002312.SZ,20260508,10.8,10.92,10.78,10.87,10.82,0.05,0.4621,309827.39,336063.896,鼎龙股份,002312.SZ
002312.SZ,20260507,10.94,10.96,10.77,10.82,10.93,-0.11,-1.0064,413371.2,446869.124,鼎龙股份,002312.SZ
002312.SZ,20260506,11.01,11.06,10.87,10.93,10.95,-0.02,-0.1826,355839.36,388866.448,鼎龙股份,002312.SZ
603998.SH,20260626,9.18,9.22,8.85,8.85,9.22,-0.37,-4.013,51222.0,45923.025,方邦股份,603998.SH
603998.SH,20260625,9.4,9.44,9.0,9.22,9.46,-0.24,-2.537,61424.0,56373.245,方邦股份,603998.SH
603998.SH,20260624,9.49,9.7,9.37,9.46,9.52,-0.06,-0.6303,62040.0,59011.2,方邦股份,603998.SH
603998.SH,20260623,9.2,9.61,9.15,9.52,9.22,0.3,3.2538,78967.3,74974.575,方邦股份,603998.SH
603998.SH,20260622,9.35,9.35,8.91,9.22,9.35,-0.13,-1.3904,84435.0,76661.037,方邦股份,603998.SH
603998.SH,20260618,9.28,9.51,9.23,9.35,9.32,0.03,0.3219,41847.0,39242.925,方邦股份,603998.SH
603998.SH,20260617,9.49,9.52,9.29,9.32,9.55,-0.23,-2.4084,48521.0,45552.242,方邦股份,603998.SH
603998.SH,20260616,9.74,9.75,9.52,9.55,9.73,-0.18,-1.8499,49026.0,47004.433,方邦股份,603998.SH
603998.SH,20260615,9.86,9.93,9.68,9.73,9.87,-0.14,-1.4184,76972.0,75234.077,方邦股份,603998.SH
603998.SH,20260612,9.68,9.87,9.59,9.87,9.67,0.2,2.0683,59683.0,58238.191,方邦股份,603998.SH
603998.SH,20260611,9.54,9.69,9.45,9.67,9.62,0.05,0.5198,42926.0,41160.291,方邦股份,603998.SH
603998.SH,20260610,9.53,9.67,9.39,9.62,9.57,0.05,0.5225,44235.0,42240.449,方邦股份,603998.SH
603998.SH,20260609,9.67,9.71,9.5,9.57,9.65,-0.08,-0.829,40650.0,38967.033,方邦股份,603998.SH
603998.SH,20260608,9.59,9.8,9.52,9.65,9.68,-0.03,-0.3099,56136.0,54184.804,方邦股份,603998.SH
603998.SH,20260605,9.64,9.79,9.64,9.68,9.55,0.13,1.3613,38297.0,37135.284,方邦股份,603998.SH
603998.SH,20260604,9.83,9.88,9.49,9.55,9.84,-0.29,-2.9472,46968.0,45180.213,方邦股份,603998.SH
603998.SH,20260603,9.93,9.93,9.77,9.84,9.94,-0.1,-1.006,33433.0,32891.426,方邦股份,603998.SH
603998.SH,20260602,10.15,10.17,9.89,9.94,10.16,-0.22,-2.1654,46358.21,46234.443,方邦股份,603998.SH
603998.SH,20260601,9.88,10.21,9.86,10.16,9.9,0.26,2.6263,57727.0,57977.505,方邦股份,603998.SH
603998.SH,20260529,9.85,10.0,9.8,9.9,9.77,0.13,1.3306,49030.0,48613.723,方邦股份,603998.SH
603998.SH,20260528,10.08,10.14,9.78,9.92,10.11,-0.19,-1.8793,62133.0,61680.519,方邦股份,603998.SH
603998.SH,20260527,10.13,10.17,9.96,10.11,10.15,-0.04,-0.3941,45483.78,45768.769,方邦股份,603998.SH
603998.SH,20260526,10.28,10.28,10.08,10.15,10.27,-0.12,-1.1685,39147.0,39777.718,方邦股份,603998.SH
603998.SH,20260525,10.3,10.32,10.13,10.27,10.26,0.01,0.0975,42543.0,43486.87,方邦股份,603998.SH
603998.SH,20260522,10.26,10.29,10.12,10.26,10.2,0.06,0.5882,43870.94,44793.323,方邦股份,603998.SH
603998.SH,20260521,10.36,10.5,10.17,10.2,10.33,-0.13,-1.2585,50931.0,52684.072,方邦股份,603998.SH
603998.SH,20260520,10.53,10.53,10.25,10.33,10.52,-0.19,-1.8061,59062.0,61083.306,方邦股份,603998.SH
603998.SH,20260519,10.55,10.61,10.44,10.52,10.54,-0.02,-0.1898,35823.7,37681.769,方邦股份,603998.SH
603998.SH,20260518,10.74,10.76,10.4,10.54,10.7,-0.16,-1.4953,55303.0,58167.104,方邦股份,603998.SH
603998.SH,20260515,10.74,10.83,10.61,10.7,10.7,0.0,0.0,57299.21,61440.988,方邦股份,603998.SH
603998.SH,20260514,10.97,11.01,10.7,10.7,10.98,-0.28,-2.5501,59231.0,64080.945,方邦股份,603998.SH
603998.SH,20260513,11.0,11.09,10.93,10.98,10.94,0.04,0.3656,50897.0,55923.7,方邦股份,603998.SH
603998.SH,20260512,11.21,11.28,10.93,10.94,11.27,-0.33,-2.9281,103227.21,114184.44,方邦股份,603998.SH
603998.SH,20260511,10.94,11.33,10.88,11.27,10.95,0.32,2.9224,125023.14,139592.123,方邦股份,603998.SH
603998.SH,20260508,11.01,11.09,10.9,10.95,11.03,-0.08,-0.7253,66949.0,73483.345,方邦股份,603998.SH
603998.SH,20260507,11.05,11.15,10.98,11.03,11.01,0.02,0.1817,64579.0,71309.125,方邦股份,603998.SH
603998.SH,20260506,11.04,11.1,10.9,11.01,10.99,0.02,0.182,108148.0,118948.216,方邦股份,603998.SH
601133.SH,20260626,34.77,38.28,34.35,38.28,34.8,3.48,10.0,370441.89,1387134.57,柏诚股份,601133.SH
601133.SH,20260625,33.95,35.13,33.1,34.8,32.37,2.43,7.507,399856.92,1368475.402,柏诚股份,601133.SH
601133.SH,20260624,28.89,32.37,28.82,32.37,29.43,2.94,9.9898,285058.69,894802.16,柏诚股份,601133.SH
601133.SH,20260623,29.66,30.52,28.68,29.43,29.76,-0.33,-1.1089,198814.78,587464.928,柏诚股份,601133.SH
601133.SH,20260622,31.0,31.37,28.65,29.76,31.38,-1.62,-5.1625,279824.87,831870.281,柏诚股份,601133.SH
601133.SH,20260618,32.6,33.12,30.73,31.38,33.12,-1.74,-5.2536,295881.62,933348.708,柏诚股份,601133.SH
601133.SH,20260617,31.44,33.7,31.44,33.12,32.06,1.06,3.3063,295074.52,965340.941,柏诚股份,601133.SH
601133.SH,20260616,32.8,33.3,31.5,32.06,32.4,-0.34,-1.0494,321124.97,1037431.989,柏诚股份,601133.SH
601133.SH,20260615,30.0,32.4,29.6,32.4,29.45,2.95,10.017,283408.23,901771.788,柏诚股份,601133.SH
601133.SH,20260612,31.61,31.7,29.45,29.45,30.89,-1.44,-4.6617,347947.34,1059094.666,柏诚股份,601133.SH
601133.SH,20260611,28.3,30.97,28.0,30.89,29.22,1.67,5.7153,333011.03,979127.752,柏诚股份,601133.SH
601133.SH,20260610,28.05,30.66,28.05,29.22,28.65,0.57,1.9895,333038.23,982779.99,柏诚股份,601133.SH
601133.SH,20260609,27.99,29.57,27.83,28.65,27.13,1.52,5.6027,219755.66,631180.74,柏诚股份,601133.SH
601133.SH,20260608,25.61,27.96,25.61,27.13,27.6,-0.47,-1.7029,146504.52,396558.599,柏诚股份,601133.SH
601133.SH,20260605,28.01,28.77,27.39,27.6,28.3,-0.7,-2.4735,207951.08,580799.46,柏诚股份,601133.SH
601133.SH,20260604,27.1,28.83,27.0,28.3,27.46,0.84,3.059,241761.46,678435.983,柏诚股份,601133.SH
601133.SH,20260603,26.4,28.18,26.01,27.46,26.4,1.06,4.0152,350005.32,960512.829,柏诚股份,601133.SH
601133.SH,20260602,25.63,26.73,24.92,26.4,25.36,1.04,4.1009,226070.1,583558.623,柏诚股份,601133.SH
601133.SH,20260601,26.7,26.9,25.26,25.36,26.57,-1.21,-4.554,151542.7,393042.376,柏诚股份,601133.SH
601133.SH,20260529,28.39,28.56,26.3,26.57,28.48,-1.91,-6.7065,207251.06,562054.263,柏诚股份,601133.SH
601133.SH,20260528,29.22,29.77,28.03,28.48,29.22,-0.74,-2.5325,200392.73,573263.216,柏诚股份,601133.SH
601133.SH,20260527,30.96,31.02,28.91,29.22,31.03,-1.81,-5.8331,270646.15,801552.838,柏诚股份,601133.SH
601133.SH,20260526,32.0,32.21,30.33,31.03,33.7,-2.67,-7.9228,357490.38,1112553.657,柏诚股份,601133.SH
601133.SH,20260525,32.0,34.93,31.31,33.7,32.99,0.71,2.1522,417005.57,1389727.632,柏诚股份,601133.SH
601133.SH,20260522,33.35,35.15,32.0,32.99,33.13,-0.14,-0.4226,437377.52,1446930.546,柏诚股份,601133.SH
601133.SH,20260521,33.97,35.66,33.13,33.13,33.3,-0.17,-0.5105,505315.07,1743166.296,柏诚股份,601133.SH
601133.SH,20260520,29.95,33.3,29.95,33.3,30.27,3.03,10.0099,448607.69,1421672.422,柏诚股份,601133.SH
601133.SH,20260519,31.0,31.0,28.9,30.27,31.0,-0.73,-2.3548,507027.58,1513753.522,柏诚股份,601133.SH
601133.SH,20260518,30.4,31.0,30.05,31.0,28.18,2.82,10.0071,111758.14,344669.495,柏诚股份,601133.SH
601133.SH,20260515,25.62,28.18,25.48,28.18,25.62,2.56,9.9922,311574.39,862570.146,柏诚股份,601133.SH
601133.SH,20260514,25.99,26.4,25.13,25.62,25.94,-0.32,-1.2336,144964.38,372952.363,柏诚股份,601133.SH
601133.SH,20260513,25.21,26.09,24.9,25.94,25.75,0.19,0.7379,157368.9,402362.919,柏诚股份,601133.SH
601133.SH,20260512,26.35,26.46,25.45,25.75,26.7,-0.95,-3.5581,188168.54,485641.602,柏诚股份,601133.SH
601133.SH,20260511,25.81,27.29,25.58,26.7,25.68,1.02,3.972,277506.07,732789.919,柏诚股份,601133.SH
601133.SH,20260508,24.52,26.7,24.33,25.68,24.98,0.7,2.8022,315656.8,814477.582,柏诚股份,601133.SH
601133.SH,20260507,23.55,25.15,23.19,24.98,23.76,1.22,5.1347,412530.94,1007965.953,柏诚股份,601133.SH
601133.SH,20260506,23.13,23.92,23.0,23.76,22.78,0.98,4.302,347465.28,821468.488,柏诚股份,601133.SH
603859.SH,20260626,48.4,49.0,46.3,46.91,48.37,-1.46,-3.0184,161065.0,768115.122,能科科技,603859.SH
603859.SH,20260625,50.11,50.39,47.53,48.37,50.88,-2.51,-4.9332,225549.12,1096611.735,能科科技,603859.SH
603859.SH,20260624,48.86,51.5,48.5,50.88,49.65,1.23,2.4773,207572.12,1043964.713,能科科技,603859.SH
603859.SH,20260623,52.18,52.5,48.81,49.65,52.57,-2.92,-5.5545,235583.13,1181244.102,能科科技,603859.SH
603859.SH,20260622,52.92,55.27,51.22,52.57,52.9,-0.33,-0.6238,354840.51,1890692.205,能科科技,603859.SH
603859.SH,20260618,51.3,53.39,49.8,52.9,50.77,2.13,4.1954,373546.97,1942930.209,能科科技,603859.SH
603859.SH,20260617,50.55,52.94,49.89,50.77,51.2,-0.43,-0.8398,205189.4,1042573.939,能科科技,603859.SH
603859.SH,20260616,51.06,52.49,50.58,51.2,51.79,-0.59,-1.1392,241963.4,1241907.039,能科科技,603859.SH
603859.SH,20260615,51.37,53.1,49.5,51.79,51.41,0.38,0.7392,301515.49,1557832.944,能科科技,603859.SH
603859.SH,20260612,48.7,55.65,47.3,51.41,51.89,-0.48,-0.925,517506.28,2672959.013,能科科技,603859.SH
603859.SH,20260611,55.0,55.66,51.89,51.89,57.65,-5.76,-9.9913,125116.68,657196.25,能科科技,603859.SH
603859.SH,20260610,52.31,58.0,52.31,57.65,52.95,4.7,8.8763,455581.42,2559455.421,能科科技,603859.SH
603859.SH,20260609,51.0,53.66,49.99,52.95,49.78,3.17,6.368,525858.11,2720804.291,能科科技,603859.SH
603859.SH,20260608,45.45,49.87,45.45,49.87,45.34,4.53,9.9912,391057.49,1917113.653,能科科技,603859.SH
603859.SH,20260605,44.2,45.34,44.0,45.34,41.22,4.12,9.9951,242373.78,1092319.568,能科科技,603859.SH
603859.SH,20260604,41.69,41.96,41.0,41.22,42.6,-1.38,-3.2394,67522.59,279768.939,能科科技,603859.SH
603859.SH,20260603,42.81,43.47,41.96,42.6,43.29,-0.69,-1.5939,77481.2,331934.194,能科科技,603859.SH
603859.SH,20260602,44.38,44.84,42.59,43.29,43.9,-0.61,-1.3895,90087.2,391660.598,能科科技,603859.SH
603859.SH,20260601,42.0,44.73,41.94,43.9,41.59,2.31,5.5542,116243.73,508028.437,能科科技,603859.SH
603859.SH,20260529,45.55,45.58,41.22,41.59,45.54,-3.95,-8.6737,135397.2,583914.058,能科科技,603859.SH
603859.SH,20260528,44.33,45.72,42.8,45.54,44.43,1.11,2.4983,131752.62,585362.016,能科科技,603859.SH
603859.SH,20260527,45.8,46.29,44.18,44.43,46.17,-1.74,-3.7687,117165.31,528914.191,能科科技,603859.SH
603859.SH,20260526,47.1,47.47,45.29,46.17,47.25,-1.08,-2.2857,141632.13,656290.477,能科科技,603859.SH
603859.SH,20260525,46.0,48.75,46.0,47.25,46.09,1.16,2.5168,192588.96,910499.473,能科科技,603859.SH
603859.SH,20260522,44.91,46.46,44.03,46.09,44.67,1.42,3.1789,162797.21,739784.257,能科科技,603859.SH
603859.SH,20260521,46.35,47.14,44.67,44.67,46.34,-1.67,-3.6038,188703.27,868234.319,能科科技,603859.SH
603859.SH,20260520,45.1,47.61,45.1,46.34,45.3,1.04,2.2958,225778.45,1053974.768,能科科技,603859.SH
603859.SH,20260519,45.97,47.56,44.79,45.3,45.32,-0.02,-0.0441,298137.76,1370758.145,能科科技,603859.SH
603859.SH,20260518,41.21,45.32,40.82,45.32,41.2,4.12,10.0,209427.23,926202.862,能科科技,603859.SH
603859.SH,20260515,39.98,43.1,39.56,41.2,39.78,1.42,3.5696,113366.72,471945.053,能科科技,603859.SH
603859.SH,20260514,41.49,41.5,39.78,39.78,41.21,-1.43,-3.47,55987.48,226380.381,能科科技,603859.SH
603859.SH,20260513,40.51,41.45,39.73,41.21,40.76,0.45,1.104,65824.09,267504.04,能科科技,603859.SH
603859.SH,20260512,41.96,42.09,40.49,40.76,41.93,-1.17,-2.7904,56988.4,233576.149,能科科技,603859.SH
603859.SH,20260511,42.23,42.4,41.5,41.93,42.23,-0.3,-0.7104,62326.32,261498.856,能科科技,603859.SH
603859.SH,20260508,41.79,43.39,41.7,42.23,41.79,0.44,1.0529,79749.52,339090.497,能科科技,603859.SH
603859.SH,20260507,41.5,41.97,40.41,41.79,41.14,0.65,1.58,77546.28,319272.581,能科科技,603859.SH
603859.SH,20260506,39.7,42.09,39.5,41.14,39.2,1.94,4.949,84061.2,344401.6,能科科技,603859.SH
